{
  "lang":"de",
  "name":"pipeline",
  "version":"0.0.0",
  "spacy_version":">=3.0.3,<3.1.0",
  "description":"",
  "author":"",
  "email":"",
  "url":"",
  "license":"",
  "spacy_git_version":"f4f46b617",
  "vectors":{
    "width":0,
    "vectors":0,
    "keys":0,
    "name":null
  },
  "labels":{
    "tok2vec":[

    ],
    "ner":[
      "Auftreten",
      "BBCH_Stadium",
      "Erreger",
      "Kultur",
      "Mittel",
      "Ort",
      "Witterung",
      "Zeit"
    ],
    "entity_ruler":[
      "Erreger",
      "Mittel",
      "BBCH_Stadium",
      "Ort",
      "Auftreten",
      "Kultur"
    ]
  },
  "pipeline":[
    "tok2vec",
    "ner",
    "entity_ruler"
  ],
  "components":[
    "tok2vec",
    "ner",
    "entity_ruler"
  ],
  "disabled":[

  ],
  "performance":{
    "ents_per_type":{
      "Mittel":{
        "p":0.6723646724,
        "r":0.7352024922,
        "f":0.7023809524
      },
      "Zeit":{
        "p":0.6363636364,
        "r":0.5157894737,
        "f":0.5697674419
      },
      "Kultur":{
        "p":0.8455008489,
        "r":0.8861209964,
        "f":0.8653344917
      },
      "Erreger":{
        "p":0.6904315197,
        "r":0.7731092437,
        "f":0.7294350842
      },
      "Ort":{
        "p":0.6346153846,
        "r":0.3837209302,
        "f":0.4782608696
      },
      "Witterung":{
        "p":0.609375,
        "r":0.4333333333,
        "f":0.5064935065
      },
      "BBCH_Stadium":{
        "p":0.5394736842,
        "r":0.4939759036,
        "f":0.5157232704
      },
      "Auftreten":{
        "p":0.5639097744,
        "r":0.4120879121,
        "f":0.4761904762
      }
    },
    "ents_f":0.7103448276,
    "ents_p":0.7141333333,
    "ents_r":0.7065963061,
    "tok2vec_loss":2041.0369650317,
    "ner_loss":8227.4938380497
  }
}